{
 "stocks": [
  "AAPL",
  "META",
  "TSLA"
 ],
 "model_parameters": {
  "AAPL": {
   "Sigma": 0.4223308161735521,
   "Alpha": 0.017705219174241404,
   "Beta": 0.06127337048686093,
   "Kappa": 158.69221526014417,
   "Rho": 0.9999205851892657
  },
  "META": {
   "Sigma": 0.6174414236396412,
   "Alpha": 0.007939297516488406,
   "Beta": 0.7775471081046799,
   "Kappa": 43.29358799178241,
   "Rho": 0.9989335237412664
  },
  "TSLA": {
   "Sigma": 0.7097107091721687,
   "Alpha": 0.0840872617825706,
   "Beta": 0.24688952644311246,
   "Kappa": 72.01223340514119,
   "Rho": 0.9996144029564987
  }
 },
 "corr_id": {
  "AAPL": 0,
  "META": 1,
  "TSLA": 2
 },
 "corr_matrix": [
  1,
  0.5144810211079276,
  0.05495477519800949,
  0.5144810211079276,
  1,
  -0.0469369000930128,
  0.05495477519800949,
  -0.0469369000930128,
  1
 ],
 "mean": [
  -0.0024263574915378188,
  -0.007183792163700414,
  -0.024702765855272188
 ]
}