{
 "stocks": [
  "AAPL",
  "META",
  "MSFT"
 ],
 "model_parameters": {
  "AAPL": {
   "Sigma": 0.759154696047984,
   "Alpha": 1.04674123700288,
   "Beta": 0.5021448535303649,
   "Kappa": 0.6441178048579196,
   "Rho": -0.4135396994552651
  },
  "META": {
   "Sigma": 0.9072252966770956,
   "Alpha": 1.0240509063268788,
   "Beta": 1.1433332925467654,
   "Kappa": 0.7156213371323477,
   "Rho": -0.32265168810027073
  },
  "MSFT": {
   "Sigma": 0.7027675414565155,
   "Alpha": 0.9892180602412475,
   "Beta": 0.7961635946904166,
   "Kappa": 0.6099636971238078,
   "Rho": -0.4576667571050464
  }
 },
 "corr_id": {
  "AAPL": 0,
  "META": 1,
  "MSFT": 2
 },
 "corr_matrix": [
  1,
  0.5178509388145461,
  0.8188811780252168,
  0.5178509388145461,
  1,
  0.5670939407114525,
  0.8188811780252168,
  0.5670939407114525,
  1
 ],
 "mean": [
  -0.0023219857542915554,
  -0.007085952534080563,
  -0.0029440147226147437
 ],
 "spot_price": {
  "AAPL": 148.79,
  "META": 113.23,
  "MSFT": 241.73
 }
}