{
 "stocks": [
  "AAPL",
  "META",
  "MSFT"
 ],
 "model_parameters": {
  "AAPL": {
   "Sigma": 0.7404014890797177,
   "Alpha": 1.044327234808513,
   "Beta": 0.6953845786380403,
   "Kappa": 0.6448147206073684,
   "Rho": -0.4126428473095105
  },
  "META": {
   "Sigma": 0.8965514959105948,
   "Alpha": 1.020676520335144,
   "Beta": 1.1346143901597068,
   "Kappa": 0.7144991519988929,
   "Rho": -0.3240569565699869
  },
  "MSFT": {
   "Sigma": 0.6977954868740507,
   "Alpha": 0.987885929883865,
   "Beta": 0.8261836059060816,
   "Kappa": 0.6091178736819685,
   "Rho": -0.4587630472010107
  }
 },
 "corr_id": {
  "AAPL": 0,
  "META": 1,
  "MSFT": 2
 },
 "corr_matrix": [
  1,
  -0.16539607682140095,
  0.8206420225590461,
  -0.16539607682140095,
  1,
  -0.10791886331667548,
  0.8206420225590461,
  -0.10791886331667548,
  1
 ],
 "mean": [
  -0.0023219857542915554,
  -0.006674228144023433,
  -0.0029440147226147437
 ],
 "spot_price": {
  "AAPL": 148.79,
  "META": 117.08,
  "MSFT": 241.73
 }
}