{
 "AAPL": {
  "Sigma": 0.7317491007295877,
  "Alpha": 1.1051937656478368,
  "Beta": 0.8433765355484724,
  "Kappa": 0.6642076478032231,
  "Rho": -0.3877596000922672
 },
 "AMZN": {
  "Sigma": 0.7693705703870086,
  "Alpha": 0.9577031539762699,
  "Beta": 1.1195502976930756,
  "Kappa": 0.6557179614778039,
  "Rho": -0.39863460883335644
 },
 "AVGO": {
  "Sigma": 0.7220832682755686,
  "Alpha": 1.0148421849956915,
  "Beta": 0.5000000068737827,
  "Kappa": 0.6283344093064527,
  "Rho": -0.43389308728020354
 },
 "GOOG": {
  "Sigma": 0.754540357483065,
  "Alpha": 1.073880280804349,
  "Beta": 0.8583751451128195,
  "Kappa": 0.6700586218483198,
  "Rho": -0.38028267618854006
 },
 "INTC": {
  "Sigma": 0.8415575503763493,
  "Alpha": 1.118175430748063,
  "Beta": 0.500028330888536,
  "Kappa": 0.7009096952925369,
  "Rho": -0.3411348030376657
 },
 "META": {
  "Sigma": 0.7592515157412755,
  "Alpha": 1.0510491891899396,
  "Beta": 1.1675076635101744,
  "Kappa": 0.7175076410888432,
  "Rho": -0.32029130654713167
 },
 "MSFT": {
  "Sigma": 0.6537592570648356,
  "Alpha": 1.0505753103852633,
  "Beta": 0.5046223291776939,
  "Kappa": 0.6200126053145388,
  "Rho": -0.4446528597181957
 },
 "NVDA": {
  "Sigma": 0.7361858890441204,
  "Alpha": 0.8620286635577064,
  "Beta": 0.7842022684582528,
  "Kappa": 0.6593864662007439,
  "Rho": -0.39393171584246744
 },
 "QCOM": {
  "Sigma": 0.7059811551855292,
  "Alpha": 1.0675064820523188,
  "Beta": 0.5052038378849617,
  "Kappa": 0.6684993403965066,
  "Rho": -0.3822737795524465
 },
 "TSLA": {
  "Sigma": 0.37462476240265546,
  "Alpha": 1.13049929353038,
  "Beta": 0.5000000562957407,
  "Kappa": 1.19795849100371,
  "Rho": 0.17868002704549502
 }
}