{
 "AAPL": {
  "Sigma": 0.42445132460613766,
  "Alpha": 0.013158263835235672,
  "Beta": 0.0612650610807072,
  "Kappa": 158.74125256810254,
  "Rho": 0.999920634244347
 },
 "META": {
  "Sigma": 0.6183313031692553,
  "Alpha": 0.056024106469170706,
  "Beta": 0.29685016745286413,
  "Kappa": 20.561245491816816,
  "Rho": 0.9952804010062619
 },
 "TSLA": {
  "Sigma": 0.712090348369111,
  "Alpha": 0.08482646786458016,
  "Beta": 0.24339556167313303,
  "Kappa": 75.45085912656718,
  "Rho": 0.9996487427184728
 }
}