{
 "AAPL": {
  "Sigma": 0.6586801071074008,
  "Alpha": 1.0427772153461115,
  "Beta": 1.022167155466576,
  "Kappa": 0.6417671328281924,
  "Rho": -0.4165659785005974
 },
 "AMZN": {
  "Sigma": 0.8773548210433756,
  "Alpha": 0.9820334074129387,
  "Beta": 1.191520162134771,
  "Kappa": 0.6742229182992281,
  "Rho": -0.37497061179414054
 },
 "AVGO": {
  "Sigma": 0.6928570445261184,
  "Alpha": 0.9612761060303292,
  "Beta": 0.5000000010778397,
  "Kappa": 0.6056376578010749,
  "Rho": -0.46327511705953806
 },
 "GOOG": {
  "Sigma": 0.7042264975385697,
  "Alpha": 1.0237315480919875,
  "Beta": 1.2081420733789543,
  "Kappa": 0.6521922527769393,
  "Rho": -0.4031594742526724
 },
 "INTC": {
  "Sigma": 0.8630868705123373,
  "Alpha": 1.036383766429715,
  "Beta": 0.5021410488302084,
  "Kappa": 0.6791835465386783,
  "Rho": -0.36865345225288276
 },
 "META": {
  "Sigma": 0.8272232194187844,
  "Alpha": 1.0348870294965713,
  "Beta": 1.1743652608039095,
  "Kappa": 0.7164856793429554,
  "Rho": -0.32156983870059563
 },
 "MSFT": {
  "Sigma": 0.6883054666190789,
  "Alpha": 1.0272397367495572,
  "Beta": 0.500732175259294,
  "Kappa": 0.6206963644065181,
  "Rho": -0.4437681434827676
 },
 "NVDA": {
  "Sigma": 0.8634706652465185,
  "Alpha": 0.956699672905188,
  "Beta": 0.8381502654973081,
  "Kappa": 0.7002359899295757,
  "Rho": -0.3419842634782961
 },
 "QCOM": {
  "Sigma": 0.6940808851717677,
  "Alpha": 1.0296622188503566,
  "Beta": 0.9275163090409786,
  "Kappa": 0.6711058597352528,
  "Rho": -0.3789460415759465
 },
 "TSLA": {
  "Sigma": 1.0553252539577584,
  "Alpha": 0.8540619718254089,
  "Beta": 0.9154866062160041,
  "Kappa": 0.7015382088494226,
  "Rho": -0.3403425578097069
 }
}