{
 "AAPL": {
  "Sigma": 0.4231186506004072,
  "Alpha": 0.017600833315429904,
  "Beta": 0.06214245894137423,
  "Kappa": 158.70418570352592,
  "Rho": 0.9999205971682429
 },
 "META": {
  "Sigma": 0.6178610762623605,
  "Alpha": 0.0035926407575211567,
  "Beta": 0.7783948531262058,
  "Kappa": 36.69786566345542,
  "Rho": 0.9985160269214023
 },
 "TSLA": {
  "Sigma": 0.7103426160309971,
  "Alpha": 0.0819469134463811,
  "Beta": 0.24462161251798323,
  "Kappa": 63.648432702362264,
  "Rho": 0.99950643156509
 }
}