{
 "AAPL": {
  "Sigma": 0.7768989636355828,
  "Alpha": 1.051635235857879,
  "Beta": 0.5003993515217235,
  "Kappa": 0.6481072100617016,
  "Rho": -0.4084080991523817
 },
 "AMZN": {
  "Sigma": 0.7765584977739386,
  "Alpha": 0.8454629191236834,
  "Beta": 0.8895435200510202,
  "Kappa": 0.6006144528519751,
  "Rho": -0.46979095910373375
 },
 "AVGO": {
  "Sigma": 0.7691509560843962,
  "Alpha": 1.0145670582109003,
  "Beta": 0.5340009789650413,
  "Kappa": 0.6373788107709688,
  "Rho": -0.4222204539460108
 },
 "GOOG": {
  "Sigma": 0.7335706869465053,
  "Alpha": 0.998367577148032,
  "Beta": 0.9934425102359005,
  "Kappa": 0.6418494608302856,
  "Rho": -0.41645995698406657
 },
 "INTC": {
  "Sigma": 0.822784795152505,
  "Alpha": 0.9639786545781031,
  "Beta": 0.5000005346502706,
  "Kappa": 0.640123297345336,
  "Rho": -0.4186833718565585
 },
 "META": {
  "Sigma": 0.9181178058705262,
  "Alpha": 1.0276956350999031,
  "Beta": 1.1512577723745276,
  "Kappa": 0.7168931034897854,
  "Rho": -0.3210600497495716
 },
 "MSFT": {
  "Sigma": 0.7171864371684576,
  "Alpha": 0.9950396150564876,
  "Beta": 0.778759502081988,
  "Kappa": 0.614186389419293,
  "Rho": -0.4521956214845814
 },
 "NVDA": {
  "Sigma": 1.2986823881581633,
  "Alpha": 0.9464629545240012,
  "Beta": 0.5023063743110466,
  "Kappa": 0.7129853915270244,
  "Rho": -0.3259538094231254
 },
 "QCOM": {
  "Sigma": 0.8745988833374368,
  "Alpha": 1.0842806901084612,
  "Beta": 0.7151795011047332,
  "Kappa": 0.6948993481836913,
  "Rho": -0.34872215956717506
 },
 "TSLA": {
  "Sigma": 0.9795940446497307,
  "Alpha": 0.8179672847202479,
  "Beta": 0.8595580038948356,
  "Kappa": 0.6793258994064322,
  "Rho": -0.3684723480992753
 }
}