{
 "AAPL": {
  "Sigma": 0.7404014890797177,
  "Alpha": 1.044327234808513,
  "Beta": 0.6953845786380403,
  "Kappa": 0.6448147206073684,
  "Rho": -0.4126428473095105
 },
 "META": {
  "Sigma": 0.8965514959105948,
  "Alpha": 1.020676520335144,
  "Beta": 1.1346143901597068,
  "Kappa": 0.7144991519988929,
  "Rho": -0.3240569565699869
 },
 "MSFT": {
  "Sigma": 0.6977954868740507,
  "Alpha": 0.987885929883865,
  "Beta": 0.8261836059060816,
  "Kappa": 0.6091178736819685,
  "Rho": -0.4587630472010107
 }
}